State,District,Total_Households,Connections_2019,Connections_2020,Connections_2021,Connections_Current
A & N Islands,Nicobars,8827,1562,1562,8827,8827
A & N Islands,North And Middle Andaman,24400,10508,10508,24400,24400
A & N Islands,South Andamans,28810,16477,16477,28810,28810
Andhra Pradesh,Alluri Sitharama Raju,290912,23470,23470,23470,180917
Andhra Pradesh,Anakapalli,417489,67359,67359,67359,302975
Andhra Pradesh,Ananthapuramu,434468,190477,338713,434468,434468
Andhra Pradesh,Annamayya,363710,181397,181397,181397,363710
Andhra Pradesh,Bapatla,364788,72292,72292,72292,156326
Andhra Pradesh,Chittoor,370234,225169,370234,370234,370234
Andhra Pradesh,Dr. B.R. Ambedkar Konaseema,402434,58474,58474,58474,306188
Andhra Pradesh,East Godavari,356543,164538,306548,356543,356543
Andhra Pradesh,Eluru,479752,256892,256892,256892,418785
Andhra Pradesh,Guntur,233883,124676,221270,233883,233883
Andhra Pradesh,Kakinada,389205,101973,101973,101973,336129
Andhra Pradesh,Krishna,375691,112952,261670,375691,375691
Andhra Pradesh,Kurnool,345790,90710,213683,344856,344856
Andhra Pradesh,Nandyal,346130,122973,122973,122973,265060
Andhra Pradesh,Ntr,267874,77226,77226,77226,163925
Andhra Pradesh,Palnadu,434399,58166,58166,58166,163169
Andhra Pradesh,Parvathipuram Manyam,222495,2847,2847,2847,165114
Andhra Pradesh,Prakasam,476454,119510,211998,368840,368840
Andhra Pradesh,Sri Potti Sriramulu Nellore,460415,237344,281834,413011,413011
Andhra Pradesh,Sri Sathya Sai,365072,144890,144890,144890,309588
Andhra Pradesh,Srikakulam,535764,13995,16985,142203,238438
Andhra Pradesh,Tirupati,417349,240311,240311,240311,417349
Andhra Pradesh,Visakhapatnam,59338,10395,59338,59338,59338
Andhra Pradesh,Vizianagaram,444171,13692,18070,260149,312735
Andhra Pradesh,West Godavari,369137,170983,369137,369137,369137
Andhra Pradesh,Y.S.R.,329890,191599,300578,329890,329890
Arunachal Pradesh,Anjaw,5179,1082,1192,3616,5179
Arunachal Pradesh,Changlang,25243,1724,3801,13242,25243
Arunachal Pradesh,Dibang Valley,2173,332,394,2119,2173
Arunachal Pradesh,East Kameng,6197,79,169,5258,6197
Arunachal Pradesh,East Siang,8847,969,1199,4988,8847
Arunachal Pradesh,Kamle,4728,589,1077,3341,4728
Arunachal Pradesh,Kra Daadi,8704,584,598,4245,8704
Arunachal Pradesh,Kurung Kumey,8814,411,1063,5801,8814
Arunachal Pradesh,Leparada,3211,654,743,2229,3211
Arunachal Pradesh,Lohit,6642,881,926,4922,6642
Arunachal Pradesh,Longding,10473,336,774,4602,10473
Arunachal Pradesh,Lower Dibang Valley,10781,283,599,7224,10781
Arunachal Pradesh,Lower Siang,5077,1318,1497,4148,5077
Arunachal Pradesh,Lower Subansiri,9856,747,1846,5493,9856
Arunachal Pradesh,Namsai,16549,549,843,11761,16549
Arunachal Pradesh,Pakke Kessang,3591,24,306,2195,3591
Arunachal Pradesh,Papum Pare,24475,2316,3744,10806,24475
Arunachal Pradesh,Shi Yomi,2238,447,521,1762,2238
Arunachal Pradesh,Siang,4942,166,454,3908,4942
Arunachal Pradesh,Tawang,11972,516,3121,6648,11972
Arunachal Pradesh,Tirap,10329,231,264,5767,10329
Arunachal Pradesh,Upper Siang,5606,2509,2914,4594,5606
Arunachal Pradesh,Upper Subansiri,9082,166,721,5372,9082
Arunachal Pradesh,West Kameng,18554,3785,5157,15251,18554
Arunachal Pradesh,West Siang,5303,2098,2223,4087,5303
Assam,Bajali,73508,579,579,579,66759
Assam,Baksa,145583,862,3739,94748,121559
Assam,Barpeta,294939,293,5696,118389,258684
Assam,Biswanath,195636,2855,3644,35072,159378
Assam,Bongaigaon,163707,228,653,40931,141971
Assam,Cachar,408259,29219,32644,200779,354793
Assam,Charaideo,120004,1519,1697,33704,96805
Assam,Chirang,134762,1662,1791,13466,93633
Assam,Darrang,227710,1994,3017,73523,192659
Assam,Dhemaji,196783,338,980,53409,157841
Assam,Dhubri,313811,401,432,81713,238072
Assam,Dibrugarh,269894,1752,2527,81848,220039
Assam,Dima Hasao,40319,380,469,7360,35469
Assam,Goalpara,251907,991,3185,61843,213795
Assam,Golaghat,271535,7051,9944,89376,223016
Assam,Hailakandi,184100,1819,5009,83406,148447
Assam,Hojai,199018,353,4340,45744,166026
Assam,Jorhat,204246,19599,20277,67838,144767
Assam,Kamrup,402650,5798,8270,156014,319047
Assam,Kamrup Metro,63284,4304,6101,49663,55181
Assam,Karbi Anglong,171921,344,580,28421,91838
Assam,Karimganj,297832,4331,5214,146423,264867
Assam,Kokrajhar,229439,877,2256,77267,202893
Assam,Lakhimpur,268695,1086,2850,95687,232559
Assam,Majuli,51073,440,971,36127,47426
Assam,Marigaon,238572,347,1189,56240,172391
Assam,Nagaon,428219,1990,4692,131093,343028
Assam,Nalbari,188014,4992,5921,74248,166179
Assam,Sivasagar,178650,4709,7172,68197,163193
Assam,Sonitpur,296340,6733,12059,104568,237376
Assam,South Salmara Mancachar,93445,89,97,7007,79631
Assam,Tamulpur,102142,1697,1697,1697,88482
Assam,Tinsukia,243639,803,1189,65961,202004
Assam,Udalguri,210555,741,1289,40711,176651
Assam,West Karbi Anglong,64048,135,243,8089,36881
Bihar,Araria,566348,34583,54322,456721,559731
Bihar,Arwal,123056,3356,58799,122064,122064
Bihar,Aurangabad,393965,1014,70472,342124,381571
Bihar,Banka,325875,6654,68855,325875,325875
Bihar,Begusarai,495953,1666,36297,443576,479821
Bihar,Bhagalpur,436737,7272,41654,410667,420891
Bihar,Bhojpur,391365,4345,50056,360125,384358
Bihar,Buxar,256587,1927,64476,237627,252354
Bihar,Darbhanga,737499,13212,103434,627683,629789
Bihar,Gaya,594001,10239,90760,576192,576659
Bihar,Gopalganj,385187,6230,36435,380006,380294
Bihar,Jamui,238038,4522,52319,228735,234818
Bihar,Jehanabad,175299,7317,69945,165217,173347
Bihar,Kaimur (bhabua),284185,6529,105008,277631,280996
Bihar,Katihar,528773,42190,75901,518192,522302
Bihar,Khagaria,262675,1950,22988,262675,262675
Bihar,Kishanganj,279161,8333,12876,242783,270981
Bihar,Lakhisarai,170075,3784,31783,154164,165157
Bihar,Madhepura,381245,4037,41698,381245,381245
Bihar,Madhubani,873925,5848,72568,694513,699473
Bihar,Munger,180345,6729,27662,173956,173956
Bihar,Muzaffarpur,770017,2585,356319,730310,736719
Bihar,Nalanda,515952,50506,216364,510143,510143
Bihar,Nawada,307851,6434,87026,285328,304535
Bihar,Pashchim Champaran,544364,6499,77479,527185,535619
Bihar,Patna,662233,4721,180779,617722,639764
Bihar,Purbi Champaran,904131,3321,239616,815027,834706
Bihar,Purnia,529037,13321,109614,518024,518024
Bihar,Rohtas,432866,3117,149099,421227,422582
Bihar,Saharsa,331874,1366,13381,250634,255123
Bihar,Samastipur,817325,2101,118483,817325,817325
Bihar,Saran,568566,14741,157166,552765,558368
Bihar,Sheikhpura,106129,22,20168,100992,106129
Bihar,Sheohar,145443,6080,25003,132081,137161
Bihar,Sitamarhi,523375,13687,114102,503728,503728
Bihar,Siwan,476365,3678,54166,461238,463184
Bihar,Supaul,410868,1726,30189,398348,410529
Bihar,Vaishali,628623,749,76236,626318,628111
Chhattisgarh,Balod,176198,10535,12992,32608,158510
Chhattisgarh,Balodabazar-Bhatapara,227992,17116,20933,47796,197884
Chhattisgarh,Balrampur-Ramanujganj,197065,885,1394,20663,146745
Chhattisgarh,Bastar,171885,11926,19134,29384,144491
Chhattisgarh,Bemetara,177538,18714,20971,51559,157504
Chhattisgarh,Bijapur,56204,1019,1570,9868,34259
Chhattisgarh,Bilaspur,246155,25017,26092,53940,192681
Chhattisgarh,Dakshin Bastar Dantewada,50731,440,566,10269,41052
Chhattisgarh,Dhamtari,154655,15754,27999,69756,154026
Chhattisgarh,Durg,154934,15702,30068,53490,139232
Chhattisgarh,Gariyaband,154693,17688,20799,34689,138325
Chhattisgarh,Gaurela-Pendra-Marwahi,84901,4612,4698,8970,69786
Chhattisgarh,Janjgir-champa,207286,16151,40526,90391,193019
Chhattisgarh,Jashpur,214361,6040,6480,20330,147158
Chhattisgarh,Kabeerdham,198560,4839,18916,46029,170998
Chhattisgarh,Khairagarh-Chhuikhadan-Gandai,74311,15034,15034,15034,65443
Chhattisgarh,Kondagaon,125874,2926,4229,11845,104674
Chhattisgarh,Korba,207076,8090,8866,28546,149514
Chhattisgarh,Korea,51764,1233,3596,18395,38069
Chhattisgarh,Mahasamund,240716,6924,11300,38885,206445
Chhattisgarh,Manendragarh-Chirmiri-Bharatpur(M C B),83345,1975,1975,1975,60833
Chhattisgarh,Mohla-Manpur-Ambagarh Chouki,64568,6788,6788,6788,50636
Chhattisgarh,Mungeli,167829,1952,3171,24113,151304
Chhattisgarh,Narayanpur,33009,3322,3939,5694,22923
Chhattisgarh,Raigarh,242253,16486,22483,71492,210651
Chhattisgarh,Raipur,189492,23786,30639,63876,186086
Chhattisgarh,Rajnandgaon,156789,28426,52076,86361,145376
Chhattisgarh,SAKTI,156245,15145,15145,15145,140467
Chhattisgarh,SARANGARH-BILAIGARH,161727,4926,4926,4926,141594
Chhattisgarh,Sukma,66128,2634,4441,9136,49501
Chhattisgarh,Surajpur,164515,3247,4174,21616,116195
Chhattisgarh,Surguja,185328,2071,2887,17044,132354
Chhattisgarh,Uttar Bastar Kanker,151157,8338,10606,34838,118252
D&NH and D&D,Dadra And Nagar Haveli,52353,0,0,52353,52353
D&NH and D&D,Daman,27451,0,0,27451,27451
D&NH and D&D,Diu,5352,0,0,5352,5352
Goa,North Goa,134035,92351,134035,134035,134035
Goa,South Goa,129887,106743,106743,106743,129887
Gujarat,Ahmedabad,364552,325904,332611,364552,364552
Gujarat,Amreli,253485,137624,138863,241395,253485
Gujarat,Anand,401409,302824,303158,401409,401409
Gujarat,Arvalli,280643,204165,205988,259864,280643
Gujarat,Banas Kantha,629379,496012,502519,627892,629379
Gujarat,Bharuch,336863,248332,254105,336214,336863
Gujarat,Bhavnagar,254497,215430,220323,254497,254497
Gujarat,Botad,99640,89095,89163,99640,99640
Gujarat,Chhotaudepur,232985,68923,79075,214475,232985
Gujarat,Dahod,320768,104011,107333,207685,320768
Gujarat,Dangs,47511,36770,36770,47511,47511
Gujarat,Devbhumi Dwarka,115529,89234,89234,115529,115529
Gujarat,Gandhinagar,284911,284911,284911,284911,284911
Gujarat,Gir Somnath,172472,85827,91413,172472,172472
Gujarat,Jamnagar,142084,128140,130169,141522,142084
Gujarat,Junagadh,200119,186864,186958,200119,200119
Gujarat,Kachchh,392043,363395,363395,392043,392043
Gujarat,Kheda,369324,233412,245263,369324,369324
Gujarat,Mahesana,510503,331500,331500,510503,510503
Gujarat,Mahisagar,221848,123008,133481,147507,221848
Gujarat,Morbi,181725,170974,170974,181725,181725
Gujarat,Narmada,150861,103689,103689,132585,150861
Gujarat,Navsari,279766,198665,201566,279766,279766
Gujarat,Panch Mahals,356227,159194,167651,197317,356227
Gujarat,Patan,284832,262572,262572,284832,284832
Gujarat,Porbandar,63572,56773,60457,63572,63572
Gujarat,Rajkot,323224,296248,296248,322732,323224
Gujarat,Sabar Kantha,345649,277251,277251,330750,345649
Gujarat,Surat,383576,291815,293790,383576,383576
Gujarat,Surendranagar,276504,230834,231128,255473,276504
Gujarat,Tapi,239248,100229,109571,232739,239124
Gujarat,Vadodara,295351,193291,193469,295351,295351
Gujarat,Valsad,307439,97602,106008,267085,307439
Haryana,Ambala,119431,98561,98572,119431,119431
Haryana,Bhiwani,167544,91295,97944,167544,167544
Haryana,Charki Dadri,81922,51360,60722,81922,81922
Haryana,Faridabad,47460,18494,21171,47460,47460
Haryana,Fatehabad,141804,80281,102765,141804,141804
Haryana,Gurugram,58817,43779,47591,58817,58817
Haryana,Hisar,215435,107872,108629,215435,215435
Haryana,Jhajjar,162374,127652,129289,162374,162374
Haryana,Jind,190363,101859,104558,190363,190363
Haryana,Kaithal,157897,82725,100134,157897,157897
Haryana,Karnal,189152,110924,124927,189152,189152
Haryana,Kurukshetra,139720,83047,90062,139720,139720
Haryana,Mahendragarh,147923,107572,111001,147923,147923
Haryana,Nuh,157547,22920,27202,157547,157547
Haryana,Palwal,129356,43168,44095,129356,129356
Haryana,Panchkula,34433,29442,29442,34433,34433
Haryana,Panipat,122912,67976,68051,122912,122912
Haryana,Rewari,138564,87854,93397,138564,138564
Haryana,Rohtak,132816,102440,103550,132816,132816
Haryana,Sirsa,188263,108812,135034,188263,188263
Haryana,Sonipat,204620,118155,120383,204620,204620
Haryana,Yamunanagar,112961,80175,83061,112961,112961
Himachal Pradesh,Bilaspur,100451,47564,57482,98594,100451
Himachal Pradesh,Chamba,121658,25413,40185,121658,121658
Himachal Pradesh,Hamirpur,112534,48511,58999,104909,112534
Himachal Pradesh,Kangra,400102,185951,215768,379740,400102
Himachal Pradesh,Kinnaur,22763,15403,17265,22763,22763
Himachal Pradesh,Kullu,113905,35486,50865,98163,113905
Himachal Pradesh,Lahaul And Spiti,7284,3922,4662,7284,7284
Himachal Pradesh,Mandi,308119,155077,176090,286504,308119
Himachal Pradesh,Shimla,172266,51744,76078,148019,172266
Himachal Pradesh,Sirmaur,121917,51073,66777,111521,121917
Himachal Pradesh,Solan,113519,70539,79709,109462,113519
Himachal Pradesh,Una,114209,72038,77773,114209,114209
Jammu & Kashmir,Anantnag,132909,48929,57009,82059,123516
Jammu & Kashmir,Bandipora,46337,18667,21522,29720,41586
Jammu & Kashmir,Baramulla,146177,66519,71805,97652,129481
Jammu & Kashmir,Budgam,127847,30440,40350,56937,114141
Jammu & Kashmir,Doda,127430,23082,47948,56794,100673
Jammu & Kashmir,Ganderbal,41551,12456,17560,41551,41551
Jammu & Kashmir,Jammu,189120,48771,74105,89027,126170
Jammu & Kashmir,Kathua,139436,45796,48703,57564,104372
Jammu & Kashmir,Kishtwar,57116,4215,20533,26868,43223
Jammu & Kashmir,Kulgam,61138,19210,22087,32384,55625
Jammu & Kashmir,Kupwara,156823,59156,75326,88277,129664
Jammu & Kashmir,Poonch,107048,42236,68305,74615,84971
Jammu & Kashmir,Pulwama,82257,42809,46270,57284,70727
Jammu & Kashmir,Rajouri,135612,13914,28443,67735,90853
Jammu & Kashmir,Ramban,60784,19279,21294,23979,48696
Jammu & Kashmir,Reasi,79754,24973,40191,58839,72544
Jammu & Kashmir,Samba,78297,18886,21385,39817,54649
Jammu & Kashmir,Shopian,45093,14353,21293,28653,42234
Jammu & Kashmir,Srinagar,10407,4076,4956,10407,10407
Jammu & Kashmir,Udhampur,99809,17699,33675,40700,79220
Jharkhand,Bokaro,316589,21148,24010,108598,158959
Jharkhand,Chatra,221981,6438,7756,28998,143932
Jharkhand,Deoghar,290864,4306,13009,42590,166907
Jharkhand,Dhanbad,278734,11452,20425,74859,133471
Jharkhand,Dumka,296445,12302,18305,59636,149122
Jharkhand,East Singhbum,355580,21418,36823,76303,146902
Jharkhand,Garhwa,312173,4084,4861,30472,202329
Jharkhand,Giridih,499601,45251,53083,89767,364421
Jharkhand,Godda,303458,18808,24803,41051,58666
Jharkhand,Gumla,214703,4074,5893,32647,147261
Jharkhand,Hazaribagh,348902,7939,11398,44724,208578
Jharkhand,Jamtara,148825,2014,2385,16954,55642
Jharkhand,Khunti,120199,6450,6696,20578,75892
Jharkhand,Koderma,145342,7604,11115,35275,66761
Jharkhand,Latehar,186116,2835,3613,18856,137497
Jharkhand,Lohardaga,92807,10141,11277,22710,73078
Jharkhand,Pakur,230394,1015,2860,10311,29612
Jharkhand,Palamu,367458,10118,14356,41055,193703
Jharkhand,Ramgarh,143842,10472,20808,70603,101957
Jharkhand,Ranchi,450764,98892,101156,139162,292663
Jharkhand,Sahebganj,281821,13324,13687,34832,130284
Jharkhand,Saraikela Kharsawan,185728,7226,8436,26559,90704
Jharkhand,Simdega,130131,7529,11880,38430,120932
Jharkhand,West Singhbhum,329889,10325,11814,55400,218172
Karnataka,Bagalkote,333719,101033,101730,218328,297782
Karnataka,Ballari,204068,52491,95451,147681,199556
Karnataka,Belagavi,846101,192063,192063,397759,770660
Karnataka,Bengaluru Rural,208818,32602,32697,34377,184543
Karnataka,Bengaluru Urban,317618,61233,61263,61263,228584
Karnataka,Bidar,314887,47691,49081,93535,292579
Karnataka,Chamarajanagara,251525,61438,62307,143646,246628
Karnataka,Chikkaballapura,247536,45961,45973,54753,219321
Karnataka,Chikkamagaluru,240307,66403,66607,129631,200854
Karnataka,Chitradurga,381012,128135,128410,154092,336897
Karnataka,Dakshina Kannada,334185,115428,115432,220336,296584
Karnataka,Davangere,259531,95910,96377,158417,234575
Karnataka,Dharwad,201332,79920,80167,165475,201146
Karnataka,Gadag,200113,30755,31191,183072,200113
Karnataka,Hassan,431593,44345,44939,185425,375769
Karnataka,Haveri,294643,67330,67414,181485,282981
Karnataka,Kalaburagi,456036,68709,74995,169548,359047
Karnataka,Kodagu,144036,40366,40801,79295,123483
Karnataka,Kolar,272456,60561,60744,60764,208818
Karnataka,Koppal,305862,100576,100642,218312,275066
Karnataka,Mandya,401102,216254,216389,286541,375382
Karnataka,Mysuru,501970,122649,122709,211361,450543
Karnataka,Raichur,362190,82362,84526,156205,345746
Karnataka,Ramanagara,231006,70118,70299,141597,213970
Karnataka,Shivamogga,309705,94339,94339,187253,274725
Karnataka,Tumakuru,564687,154159,155044,193220,440876
Karnataka,Udupi,247190,64795,64927,137207,216940
Karnataka,Uttara Kannada,286318,15386,17108,106687,203711
Karnataka,Vijayanagar,277718,41058,41058,41058,265987
Karnataka,Vijayapura,464242,68552,70423,170502,412150
Karnataka,Yadgir,232530,28598,29205,72455,212834
Kerala,Alappuzha,551152,185388,195453,308725,365769
Kerala,Ernakulam,616973,256529,265391,351725,409695
Kerala,Idukki,279519,53471,58191,79977,103450
Kerala,Kannur,448003,69789,80423,188496,255444
Kerala,Kasaragod,254051,39423,40141,61158,87419
Kerala,Kollam,609093,137499,147779,290685,449934
Kerala,Kottayam,482790,101556,109944,170372,229722
Kerala,Kozhikode,517076,82443,86272,141948,211776
Kerala,Malappuram,802710,140881,143576,245177,383365
Kerala,Palakkad,665293,139041,148887,278035,394479
Kerala,Pathanamthitta,358607,83204,85230,121352,177344
Kerala,Thiruvananthapuram,684304,159330,166812,283788,451771
Kerala,Thrissur,614994,173612,178629,246481,308413
Kerala,Wayanad,191308,41925,42839,49986,73301
Ladakh,Kargil,18914,168,340,5651,18294
Ladakh,Leh Ladakh,21620,1246,1624,6982,21508
Lakshadweep,Lakshadweep District,13370,0,0,0,12227
Madhya Pradesh,Agar-Malwa,91364,14609,23652,47929,59429
Madhya Pradesh,Alirajpur,138101,4481,5019,33279,59080
Madhya Pradesh,Anuppur,124937,11362,18708,55238,115941
Madhya Pradesh,Ashoknagar,135320,4162,6213,51875,62961
Madhya Pradesh,Balaghat,368267,36912,66089,219439,366166
Madhya Pradesh,Barwani,214032,33674,42946,120314,149015
Madhya Pradesh,Betul,264233,61326,69181,152776,249291
Madhya Pradesh,Bhind,252745,12540,16282,71657,221645
Madhya Pradesh,Bhopal,97920,11879,15159,45941,81133
Madhya Pradesh,Burhanpur,101905,37241,38897,101905,101905
Madhya Pradesh,Chhatarpur,247475,14844,16896,56116,105837
Madhya Pradesh,Chhindwara,349653,87783,89440,158800,310762
Madhya Pradesh,Damoh,218842,16460,19468,83887,165572
Madhya Pradesh,Datia,105630,9073,22483,64428,100466
Madhya Pradesh,Dewas,230956,21298,35671,103603,189279
Madhya Pradesh,Dhar,383788,51060,77393,214186,308456
Madhya Pradesh,Dindori,167450,8589,10235,58816,116346
Madhya Pradesh,Guna,174094,14802,17122,73556,101958
Madhya Pradesh,Gwalior,108936,18954,22932,52285,103856
Madhya Pradesh,Harda,97079,12108,14736,52140,96305
Madhya Pradesh,Indore,195668,31250,54530,160920,195553
Madhya Pradesh,Jabalpur,221284,33111,35226,89534,154172
Madhya Pradesh,Jhabua,196781,17029,19200,67906,183836
Madhya Pradesh,Katni,212517,25246,26762,100480,194567
Madhya Pradesh,Khandwa (East Nimar),233566,42466,43796,138187,203321
Madhya Pradesh,Khargone (West Nimar),336631,46677,110542,196173,304943
Madhya Pradesh,Mandla,237481,27407,29512,97312,194883
Madhya Pradesh,Mandsaur,241653,76503,84281,126784,151735
Madhya Pradesh,Morena,327424,12899,16861,141231,293878
Madhya Pradesh,Narmadapuram,175394,11811,21300,77414,170797
Madhya Pradesh,Narsimhapur,209525,72134,74897,132274,199626
Madhya Pradesh,Neemuch,132663,43441,48293,72071,76858
Madhya Pradesh,Niwari,55645,1747,8600,29681,55645
Madhya Pradesh,Panna,157740,9628,11495,35272,71359
Madhya Pradesh,Raisen,217654,22088,35806,83291,178712
Madhya Pradesh,Rajgarh,239351,30777,35657,130200,215320
Madhya Pradesh,Ratlam,256243,65642,72094,123646,172889
Madhya Pradesh,Rewa,393947,32626,45225,132530,205207
Madhya Pradesh,Sagar,333791,28227,35997,104565,238059
Madhya Pradesh,Satna,374070,10919,18380,76952,157853
Madhya Pradesh,Sehore,224765,18408,37959,103567,128006
Madhya Pradesh,Seoni,265546,43647,46680,112312,212310
Madhya Pradesh,Shahdol,200402,12990,14750,65349,162913
Madhya Pradesh,Shajapur,172071,25580,29358,67825,101979
Madhya Pradesh,Sheopur,161122,10170,17050,62879,120028
Madhya Pradesh,Shivpuri,320873,17402,21749,90591,168469
Madhya Pradesh,Sidhi,192280,17446,21058,59438,100673
Madhya Pradesh,Singrauli,161082,2015,14766,50238,65431
Madhya Pradesh,Tikamgarh,196621,7335,13338,53734,135918
Madhya Pradesh,Ujjain,264140,42874,58369,112095,204840
Madhya Pradesh,Umaria,102973,7486,12161,54771,88840
Madhya Pradesh,Vidisha,229617,23013,28089,102083,153079
Maharashtra,Ahmednagar,799754,97417,193180,535299,725482
Maharashtra,Akola,248458,62828,68373,167196,222802
Maharashtra,Amravati,432311,214499,233176,350007,428195
Maharashtra,Beed,472732,82249,88320,219479,374736
Maharashtra,Bhandara,256684,82426,88230,155401,226064
Maharashtra,Buldhana,448293,193121,219112,363733,427582
Maharashtra,Chandrapur,395251,94069,97041,195509,359072
Maharashtra,Chhatrapati Sambhajinagar,488084,206238,217825,321856,426505
Maharashtra,Dharashiv,288559,117555,120499,216215,264480
Maharashtra,Dhule,304035,193790,194944,290450,302881
Maharashtra,Gadchiroli,242119,21384,27271,145495,224503
Maharashtra,Gondia,307730,62859,73997,176602,253588
Maharashtra,Hingoli,214938,37291,47023,141224,182820
Maharashtra,Jalgaon,690913,397945,408227,681216,690791
Maharashtra,Jalna,300063,168567,170660,298567,299947
Maharashtra,Kolhapur,684162,307469,356639,521475,683047
Maharashtra,Latur,374582,165992,166744,308516,368323
Maharashtra,Nagpur,376864,136511,154190,332915,367783
Maharashtra,Nanded,536765,92718,115565,312338,484289
Maharashtra,Nandurbar,362721,52665,68006,127361,248138
Maharashtra,Nashik,718369,171350,192392,562477,681950
Maharashtra,Palghar,451345,41349,52168,145240,320505
Maharashtra,Parbhani,299744,80635,86474,166937,274737
Maharashtra,Pune,894641,342698,381125,743776,779673
Maharashtra,Raigad,548620,270053,282031,422693,501477
Maharashtra,Ratnagiri,448161,146474,178878,273459,388429
Maharashtra,Sangli,459048,141401,172119,293612,406936
Maharashtra,Satara,618518,287355,308159,475617,573273
Maharashtra,Sindhudurg,193373,69991,70763,125087,161457
Maharashtra,Solapur,577245,215657,215657,473961,576668
Maharashtra,Thane,261275,66075,74525,142409,198389
Maharashtra,Wardha,238877,108263,123067,209352,235615
Maharashtra,Washim,220115,50012,56313,144839,201813
Maharashtra,Yavatmal,522884,64926,85845,312265,429752
Manipur,Bishnupur,33004,1720,2224,18676,23998
Manipur,Chandel,19523,405,820,11816,15311
Manipur,Churachandpur,42161,2072,2918,28483,36112
Manipur,Imphal East,72889,2089,2539,45891,58689
Manipur,Imphal West,45725,1520,1860,31106,35421
Manipur,Jiribam,7272,79,116,2348,2740
Manipur,Kakching,20272,1205,1359,15939,17678
Manipur,Kamjong,11334,2245,2322,7380,8323
Manipur,Kangpokpi,32332,2197,2277,24350,27674
Manipur,Noney,11492,1412,1508,7106,8799
Manipur,Pherzawl,8005,316,752,3789,4128
Manipur,Senapati,42625,3059,3581,26709,32689
Manipur,Tamenglong,16511,469,521,10792,13094
Manipur,Tengnoupal,14973,298,356,9881,13045
Manipur,Thoubal,42302,3622,3924,32666,37530
Manipur,Ukhrul,31199,3212,3302,19508,24375
Meghalaya,East Garo Hills,39952,18,40,21654,36257
Meghalaya,East Jaintia Hills,25857,7,81,6581,19212
Meghalaya,East Khasi Hills,139829,3085,3386,39628,118670
Meghalaya,Eastern West Khasi Hills,30092,20,20,20,27031
Meghalaya,North Garo Hills,41088,20,191,10888,35793
Meghalaya,Ri Bhoi,62918,6,143,28829,53741
Meghalaya,South Garo Hills,37736,22,49,9270,34595
Meghalaya,South West Garo Hills,47841,725,908,24960,43293
Meghalaya,South West Khasi Hills,21816,13,123,8130,18771
Meghalaya,West Garo Hills,110944,479,643,42352,81652
Meghalaya,West Jaintia Hills,57913,45,492,19662,46905
Meghalaya,West Khasi Hills,34868,110,223,15659,31201
Mizoram,Aizawl,17254,1188,3440,14423,17254
Mizoram,Champhai,9317,575,4407,9317,9317
Mizoram,Hnahthial,5341,319,319,319,5341
Mizoram,Khawzawl,4910,285,285,285,4910
Mizoram,Kolasib,9038,1388,2770,7693,9038
Mizoram,Lawngtlai,27158,1707,3155,11436,27158
Mizoram,Lunglei,17312,1372,5931,15368,17312
Mizoram,Mamit,18184,1032,3089,10116,18184
Mizoram,Saitual,9433,1295,1295,1295,9433
Mizoram,Serchhip,7147,0,499,5813,7147
Mizoram,Siaha,7966,40,1788,3485,7966
Nagaland,CHUMOUKEDIMA,10030,409,409,409,9907
Nagaland,Dimapur,36105,94,1727,18218,34512
Nagaland,Kiphire,14991,172,290,9270,14991
Nagaland,Kohima,29482,222,451,18928,27491
Nagaland,Longleng,11966,5,54,4733,11367
Nagaland,Mokokchung,38044,4183,4240,16464,34301
Nagaland,Mon,56027,205,214,18611,55667
Nagaland,NIULAND,9562,74,74,74,9393
Nagaland,NOKLAK,12514,1523,1523,1523,12144
Nagaland,Peren,19520,717,782,7186,17524
Nagaland,Phek,32558,8,348,18043,31161
Nagaland,SHAMATOR,7582,530,530,530,7431
Nagaland,TSEMINYU,12168,169,169,169,12164
Nagaland,Tuensang,15266,2641,4768,14842,14842
Nagaland,Wokha,24925,217,239,16616,24564
Nagaland,Zunheboto,33089,2713,2713,14073,31588
Odisha,Anugul,308915,9609,43769,173424,241755
Odisha,Balangir,388880,929,20424,110597,222849
Odisha,Baleshwar,577408,31393,78914,267806,501327
Odisha,Bargarh,340095,7800,11633,158137,259738
Odisha,Bhadrak,294295,13149,32351,218184,282948
Odisha,Boudh,106376,190,1880,69872,97733
Odisha,Cuttack,450964,4726,23031,184207,352790
Odisha,Deogarh,73338,2012,6492,43635,67077
Odisha,Dhenkanal,271539,13331,31413,170193,227970
Odisha,Gajapati,132165,6502,10410,42508,81273
Odisha,Ganjam,720383,52951,107332,343669,527346
Odisha,Jagatsinghapur,266972,54761,61199,117381,171193
Odisha,Jajapur,447776,501,56556,209209,322457
Odisha,Jharsuguda,94032,697,2253,44663,82953
Odisha,Kalahandi,398356,3511,12181,137109,329477
Odisha,Kandhamal,163713,3343,5723,50166,126436
Odisha,Kendrapara,322622,25842,33265,156905,273302
Odisha,Kendujhar,347066,4711,28293,256656,345786
Odisha,Khordha,276929,20780,27660,145223,211531
Odisha,Koraput,326062,7471,18214,127850,225458
Odisha,Malkangiri,124316,2469,4275,29393,68333
Odisha,Mayurbhanj,558308,22333,41255,183168,397762
Odisha,Nabarangpur,309282,2757,13978,135872,237717
Odisha,Nayagarh,243415,3284,13562,96174,152582
Odisha,Nuapada,134736,324,6577,120014,134565
Odisha,Puri,322163,2169,19661,167643,245586
Odisha,Rayagada,235514,3251,11903,61752,211539
Odisha,Sambalpur,164832,3622,7723,50744,106802
Odisha,Sonepur,148860,2916,8284,81235,104137
Odisha,Sundargarh,313643,3532,7240,89421,256288
Puducherry,Karaikal,28899,15602,17527,28899,28899
Puducherry,Pondicherry,86070,77904,82466,86009,86070
Punjab,Amritsar,213512,83294,85648,212760,213512
Punjab,Barnala,74569,30733,31562,73396,74569
Punjab,Bathinda,158415,96960,105114,158415,158415
Punjab,Faridkot,78408,37179,37732,78408,78408
Punjab,Fatehgarh Sahib,78475,35937,36446,78475,78475
Punjab,Fazilka,141539,65000,66793,138741,141539
Punjab,Ferozepur,127014,38018,38847,121453,127014
Punjab,Gurdaspur,248742,60797,67279,248274,248742
Punjab,Hoshiarpur,273829,200301,203206,273829,273829
Punjab,Jalandhar,224197,128473,131802,223400,224197
Punjab,Kapurthala,111598,47179,50671,111446,111598
Punjab,Ludhiana,325877,149198,152806,325459,325877
Punjab,Malerkotla,49881,26085,26085,49881,49881
Punjab,Mansa,108594,67252,71324,108594,108594
Punjab,Moga,144042,49874,51844,141211,144042
Punjab,Pathankot,82592,47283,49768,82592,82592
Punjab,Patiala,223973,95613,102073,223973,223973
Punjab,Rupnagar,104819,82313,87581,104819,104819
Punjab,S.A.S Nagar,82024,69774,78454,82024,82024
Punjab,Sangrur,170951,57972,87719,170705,170951
Punjab,Shahid Bhagat Singh Nagar,110148,83771,86747,109779,110148
Punjab,Sri Muktsar Sahib,125789,88191,88460,125239,125789
Punjab,Tarn Taran,167820,37361,42846,166960,167820
Rajasthan,Ajmer,247514,29552,50738,82873,143760
Rajasthan,Alwar,251884,30288,56085,92942,160907
Rajasthan,Balotra,213127,15228,15228,15228,137459
Rajasthan,Banswara,387971,14712,14843,32223,148649
Rajasthan,Baran,237579,14224,15069,34064,90150
Rajasthan,Barmer,273250,6241,21793,47622,58394
Rajasthan,Beawar,197064,22554,22554,22554,131273
Rajasthan,Bharatpur,214551,5046,9258,34589,133904
Rajasthan,Bhilwara,425901,71203,80988,148020,381584
Rajasthan,Bikaner,309203,44073,44078,64051,179711
Rajasthan,Bundi,192245,13046,18018,41848,69918
Rajasthan,Chittorgarh,293992,27830,28539,62297,85147
Rajasthan,Churu,300702,27404,42612,103079,203055
Rajasthan,Dausa,256772,12902,14300,26586,107451
Rajasthan,Deeg,176087,3669,3669,3669,50588
Rajasthan,Dholpur,181980,6009,9420,16966,94638
Rajasthan,Didwana-Kuchaman,287306,42094,42094,42094,243929
Rajasthan,Dungarpur,307166,11040,11731,29106,100892
Rajasthan,Ganganagar,310946,15173,24871,118546,275712
Rajasthan,Hanumangarh,292298,77784,77845,125302,265669
Rajasthan,Jaipur,512645,80619,94539,184795,336817
Rajasthan,Jaisalmer,122958,2442,2442,5108,66371
Rajasthan,Jalore,385422,66732,71586,97444,244378
Rajasthan,Jhalawar,260395,18248,18494,60215,199919
Rajasthan,Jhunjhunu,347526,59874,59874,84256,188846
Rajasthan,Jodhpur,334301,26067,28069,89503,197436
Rajasthan,Karauli,231616,14855,15845,48369,157997
Rajasthan,Khairthal-Tijara,142580,8752,8752,8752,95889
Rajasthan,Kota,161896,11016,11316,26474,77937
Rajasthan,Kotputli-Behror,205754,23921,23921,23921,125075
Rajasthan,Nagaur,305524,44535,92405,252633,252633
Rajasthan,Pali,305724,98871,113035,142697,267966
Rajasthan,Phalodi,112461,1940,1940,1940,41614
Rajasthan,Pratapgarh,170006,6017,7969,19159,60881
Rajasthan,Rajsamand,203337,65423,66331,108032,137623
Rajasthan,Salumbar,132977,7344,7344,7344,58931
Rajasthan,Sawai Madhopur,231325,17740,19259,50490,157480
Rajasthan,Sikar,383340,43633,53169,107166,252827
Rajasthan,Sirohi,187110,42542,45633,58057,109407
Rajasthan,Tonk,236223,9311,13490,43143,161344
Rajasthan,Udaipur,434920,34177,42656,86448,162928
Sikkim,Gangtok,19125,9626,19125,19125,19125
Sikkim,Gyalshing,21401,10660,21302,21401,21401
Sikkim,Mangan,12739,6245,6245,8962,11673
Sikkim,Namchi,35843,21971,21971,23443,32589
Sikkim,Pakyong,24862,11201,11201,11201,21789
Sikkim,Soreng,18820,10642,10642,10642,17628
Tamil Nadu,Ariyalur,207503,57549,57549,119026,207503
Tamil Nadu,Chengalpattu,415800,44156,44158,164452,415579
Tamil Nadu,Coimbatore,372578,187258,187515,222826,372578
Tamil Nadu,Cuddalore,522440,63172,63172,186632,522440
Tamil Nadu,Dharmapuri,342782,2049,2049,34085,209307
Tamil Nadu,Dindigul,452054,102647,102647,208915,413270
Tamil Nadu,Erode,418973,64441,64441,227078,390987
Tamil Nadu,Kallakurichi,301829,2083,2083,94683,205819
Tamil Nadu,Kancheepuram,216311,58900,58912,215766,216311
Tamil Nadu,Kanniyakumari,216738,79464,79464,141413,216738
Tamil Nadu,Karur,204464,41171,41171,107634,185789
Tamil Nadu,Krishnagiri,409435,5158,5818,75901,297705
Tamil Nadu,Madurai,449324,55265,55265,155923,421268
Tamil Nadu,Mayiladuthurai,202551,16759,16759,39933,202551
Tamil Nadu,Nagapattinam,157116,6064,23140,23140,124111
Tamil Nadu,Namakkal,362228,58650,58650,215511,362228
Tamil Nadu,Perambalur,146735,19113,19229,49299,136769
Tamil Nadu,Pudukkottai,369509,52109,52109,119299,222521
Tamil Nadu,Ramanathapuram,332191,30311,30798,58263,158037
Tamil Nadu,Ranipet,189334,85630,85731,165777,189334
Tamil Nadu,Salem,646114,52535,52622,183330,574322
Tamil Nadu,Sivaganga,327234,57739,57742,80079,253781
Tamil Nadu,Tenkasi,342341,64652,64652,169119,249035
Tamil Nadu,Thanjavur,421955,151249,151249,271912,421955
Tamil Nadu,The Nilgiris,96916,4223,4224,37985,96916
Tamil Nadu,Theni,185013,54638,54638,123300,185013
Tamil Nadu,Thiruvallur,475915,58409,61058,187306,475915
Tamil Nadu,Thiruvarur,304730,63898,64569,142770,247639
Tamil Nadu,Thoothukkudi,365524,36905,36905,167460,321141
Tamil Nadu,Tiruchirappalli,472403,128756,139247,241547,444751
Tamil Nadu,Tirunelveli,280241,40712,40712,116000,269930
Tamil Nadu,Tirupathur,212012,66713,66717,100858,212012
Tamil Nadu,Tiruppur,456206,156268,156268,204516,430121
Tamil Nadu,Tiruvannamalai,530392,85300,85526,270676,529632
Tamil Nadu,Vellore,212528,72771,73564,147327,212528
Tamil Nadu,Viluppuram,437317,5213,5213,134592,437317
Tamil Nadu,Virudhunagar,468993,44141,44151,109471,431476
Telangana,Adilabad,144889,4765,91149,144889,144889
Telangana,Bhadradri Kothagudem,230893,39504,124610,230893,230893
Telangana,Hanumakonda,111545,37989,54315,74056,111545
Telangana,Jagitial,226385,83098,158071,225699,226385
Telangana,Jangoan,129847,56322,105656,129847,129847
Telangana,Jayashankar Bhupalapally,100565,42154,75676,100565,100565
Telangana,Jogulamba Gadwal,130834,10470,73751,126518,130834
Telangana,Kamareddy,226872,29508,147621,226872,226872
Telangana,Karimnagar,171013,78584,142320,171013,171013
Telangana,Khammam,270254,107304,204250,269987,270254
Telangana,Kumuram Bheem Asifabad,113341,3747,66137,113341,113341
Telangana,Mahabubabad,180460,50199,128517,180414,180460
Telangana,Mahabubnagar,160915,44952,107970,160915,160915
Telangana,Mancherial,123959,11255,75186,122766,123959
Telangana,Medak,173184,80572,112162,173165,173184
Telangana,Medchal Malkajgiri,34197,19003,26245,34197,34197
Telangana,Mulugu,83922,21507,44603,83922,83922
Telangana,Nagarkurnool,191837,29379,123716,190320,191837
Telangana,Nalgonda,358130,133123,217521,358130,358130
Telangana,Narayanpet,109715,13343,66451,109715,109715
Telangana,Nirmal,152762,3760,71055,152762,152762
Telangana,Nizamabad,260131,6004,182964,260131,260131
Telangana,Peddapalli,130856,59469,98532,130856,130856
Telangana,Rajanna Sircilla,105043,69301,79045,105043,105043
Telangana,Ranga Reddy,228060,85276,145616,228060,228060
Telangana,Sangareddy,253747,78641,156845,253747,253747
Telangana,Siddipet,210161,88621,178642,210107,210161
Telangana,Suryapet,217003,66970,101943,215428,217003
Telangana,Vikarabad,191296,56289,120563,187590,191296
Telangana,Wanaparthy,97598,23588,63816,97598,97598
Telangana,Warangal,122938,36690,119417,122938,122938
Telangana,Yadadri Bhuvanagiri,155867,96914,122054,155867,155867
Tripura,Dhalai,103844,3301,9712,47435,85178
Tripura,Gomati,107189,3597,8185,54547,91333
Tripura,Khowai,73219,1352,5446,36644,63777
Tripura,North Tripura,83012,1932,13491,47644,71062
Tripura,Sepahijala,117175,2338,7163,45153,101375
Tripura,South Tripura,107925,2672,7559,51569,89879
Tripura,Unakoti,53619,1475,4006,32722,47809
Tripura,West Tripura,104866,7835,14696,64537,98474
Uttar Pradesh,Agra,398835,6410,9445,80322,132682
Uttar Pradesh,Aligarh,428359,3103,7652,35392,420391
Uttar Pradesh,Ambedkar Nagar,316569,3968,4867,16862,310987
Uttar Pradesh,Amethi,332707,3055,3597,14388,328807
Uttar Pradesh,Amroha,297872,5273,11417,28850,284880
Uttar Pradesh,Auraiya,217903,2097,17465,34033,214359
Uttar Pradesh,Ayodhya,351769,878,1327,13668,346417
Uttar Pradesh,Azamgarh,623970,4646,5436,33852,597286
Uttar Pradesh,Baghpat,165524,11908,39798,73673,163674
Uttar Pradesh,Bahraich,554464,10984,25492,118246,543576
Uttar Pradesh,Ballia,438202,24585,25389,94075,145413
Uttar Pradesh,Balrampur,312496,1866,4117,27730,302708
Uttar Pradesh,Banda,268960,3380,4792,25139,268722
Uttar Pradesh,Bara Banki,517152,5885,12428,51947,508637
Uttar Pradesh,Bareilly,515485,11357,14512,33337,509945
Uttar Pradesh,Basti,359777,3370,6118,48930,346321
Uttar Pradesh,Bhadohi,251779,435,1995,8922,247641
Uttar Pradesh,Bijnor,516760,18237,22428,52918,508408
Uttar Pradesh,Budaun,450229,20274,28091,38558,445621
Uttar Pradesh,Bulandshahr,464176,21314,35902,68445,456761
Uttar Pradesh,Chandauli,284094,484,1445,50742,268063
Uttar Pradesh,Chitrakoot,163970,609,5057,20462,163698
Uttar Pradesh,Deoria,432496,6255,26133,80039,424418
Uttar Pradesh,Etah,266920,3322,5328,35320,261715
Uttar Pradesh,Etawah,239209,8624,17304,50268,232982
Uttar Pradesh,Farrukhabad,252320,1261,6665,43020,247203
Uttar Pradesh,Fatehpur,434176,2431,16351,45683,407821
Uttar Pradesh,Firozabad,282949,344,1936,57039,86543
Uttar Pradesh,Gautam Buddha Nagar,45453,1246,1783,5569,43889
Uttar Pradesh,Ghaziabad,118743,22334,22677,33884,116515
Uttar Pradesh,Ghazipur,517490,8512,13882,88507,471404
Uttar Pradesh,Gonda,510687,1983,12010,53481,500725
Uttar Pradesh,Gorakhpur,565961,42003,58814,163866,555877
Uttar Pradesh,Hamirpur,186530,11752,12274,27759,185693
Uttar Pradesh,Hapur,183905,14393,15621,53314,180962
Uttar Pradesh,Hardoi,622287,2316,7896,32849,611927
Uttar Pradesh,Hathras,203986,616,3614,20286,200184
Uttar Pradesh,Jalaun,212069,1558,2562,17898,208192
Uttar Pradesh,Jaunpur,593255,2580,3917,26201,538705
Uttar Pradesh,Jhansi,251232,1218,4261,31926,249129
Uttar Pradesh,Kannauj,274534,4404,17022,74381,268754
Uttar Pradesh,Kanpur Dehat,293656,6122,7407,41293,290179
Uttar Pradesh,Kanpur Nagar,304114,11813,15128,54113,294217
Uttar Pradesh,Kasganj,205355,175,3682,14467,197334
Uttar Pradesh,Kaushambi,249308,6991,10571,27159,236675
Uttar Pradesh,Kheri,674235,12186,24923,113161,649066
Uttar Pradesh,Kushinagar,553162,13943,31682,147625,538300
Uttar Pradesh,Lalitpur,206983,28669,30579,38285,205966
Uttar Pradesh,Lucknow,250572,3146,4104,23172,246211
Uttar Pradesh,Mahoba,140149,1612,2088,22159,139904
Uttar Pradesh,Mahrajganj,436167,1457,6783,51931,419619
Uttar Pradesh,Mainpuri,259933,2054,3294,18626,254932
Uttar Pradesh,Mathura,294078,11715,12971,45814,97992
Uttar Pradesh,Mau,264404,1273,3822,21143,249521
Uttar Pradesh,Meerut,314481,20130,37798,81380,303843
Uttar Pradesh,Mirzapur,355207,2004,7927,33949,349355
Uttar Pradesh,Moradabad,350056,3753,8037,21869,341471
Uttar Pradesh,Muzaffarnagar,380126,1727,34455,103995,368598
Uttar Pradesh,Pilibhit,306759,8959,20462,43165,301177
Uttar Pradesh,Pratapgarh,491841,565,5323,41022,465883
Uttar Pradesh,Prayagraj,651466,3452,14508,125890,491065
Uttar Pradesh,Rae Bareli,503473,5370,10251,53022,470993
Uttar Pradesh,Rampur,311550,21551,28503,29555,305542
Uttar Pradesh,Saharanpur,468258,4525,11632,93642,449536
Uttar Pradesh,Sambhal,327274,3108,4158,16817,306059
Uttar Pradesh,Sant Kabir Nagar,230121,1243,3240,36360,215407
Uttar Pradesh,Shahjahanpur,469470,0,1536,14872,462258
Uttar Pradesh,Shamli,165011,6129,29503,55807,161885
Uttar Pradesh,Shrawasti,186084,542,1530,13832,182549
Uttar Pradesh,Siddharthnagar,403159,7089,14215,59012,347172
Uttar Pradesh,Sitapur,714455,1689,8193,21841,700500
Uttar Pradesh,Sonbhadra,313799,12126,16458,40368,299053
Uttar Pradesh,Sultanpur,386366,630,1519,18262,375593
Uttar Pradesh,Unnao,489659,6913,8968,39341,163299
Uttar Pradesh,Varanasi,344030,2290,18012,81656,326551
Uttarakhand,Almora,125907,10920,17059,66854,116782
Uttarakhand,Bageshwar,54659,3135,5344,50390,54659
Uttarakhand,Chamoli,76716,23556,28429,72198,76686
Uttarakhand,Champawat,45086,7069,9071,33725,45012
Uttarakhand,Dehradun,129491,12841,37927,122449,129449
Uttarakhand,Haridwar,249092,15321,24580,104311,241513
Uttarakhand,Nainital,114156,24910,32963,65586,107272
Uttarakhand,Pauri Garhwal,111552,3954,6997,72182,110723
Uttarakhand,Pithoragarh,94474,5612,12354,66451,94137
Uttarakhand,Rudra Prayag,54880,10725,12742,40041,54850
Uttarakhand,Tehri Garhwal,129045,10270,17039,88971,128704
Uttarakhand,Udam Singh Nagar,197888,75,3119,90728,195066
Uttarakhand,Uttar Kashi,65013,1937,9496,56320,65010
West Bengal,Alipurduar,365004,1068,1068,115293,213196
West Bengal,Bankura,742508,10,20,246975,433590
West Bengal,Birbhum,854370,49670,49672,133482,378215
West Bengal,Cooch Behar,696553,3,3,94768,467021
West Bengal,Dakshin Dinajpur,338391,3,3,60222,184254
West Bengal,Darjeeling,340994,193,193,46008,168751
West Bengal,Hooghly,975515,849,849,223712,664411
West Bengal,Howrah,677705,1486,1486,166603,417106
West Bengal,Jalpaiguri,438180,0,0,114422,234362
West Bengal,Jhargram,255391,0,0,25411,155859
West Bengal,Kalimpong,64555,5,5,6213,35477
West Bengal,Malda,870236,19516,24224,153101,332181
West Bengal,Murshidabad,1678423,166,166,412533,732979
West Bengal,Nadia,1193370,309,309,510018,1062123
West Bengal,North 24 Parganas,1433870,33529,33529,261945,957503
West Bengal,Paschim Bardhaman,255243,4588,4588,77549,183113
West Bengal,Paschim Medinipur,1042708,183,183,150464,420153
West Bengal,Purba Bardhaman,1120030,47591,47591,324483,857998
West Bengal,Purba Medinipur,1163833,808,808,208220,652151
West Bengal,Purulia,547724,361,361,57700,177745
West Bengal,South 24 Parganas,1914544,54238,54238,314360,1008178
West Bengal,Uttar Dinajpur,581492,12,12,104177,239728
